GROUP,PACKAGE,CLASS,INSTRUCTION_MISSED,INSTRUCTION_COVERED,BRANCH_MISSED,BRANCH_COVERED,LINE_MISSED,LINE_COVERED,COMPLEXITY_MISSED,COMPLEXITY_COVERED,METHOD_MISSED,METHOD_COVERED
Credit-Card-Validator,net.mooctest,InvalidCardException,15,0,0,0,3,0,2,0,2,0
Credit-Card-Validator,net.mooctest,MaestroValidator,385,0,92,0,30,0,50,0,4,0
Credit-Card-Validator,net.mooctest,TroyValidator.__CLR4_4_1eyeymn4dv0q0.new InvocationHandler() {...},39,0,2,0,1,0,3,0,2,0
Credit-Card-Validator,net.mooctest,VerveValidator.__CLR4_4_1i8i8mn4dv0qk.new InvocationHandler() {...},39,0,2,0,1,0,3,0,2,0
Credit-Card-Validator,net.mooctest,ChinaUnionPayValidator,134,0,22,0,18,0,15,0,4,0
Credit-Card-Validator,net.mooctest,DateFormatter,46,0,0,0,9,0,4,0,4,0
Credit-Card-Validator,net.mooctest,DinersClubValidator,176,0,30,0,20,0,19,0,4,0
Credit-Card-Validator,net.mooctest,CreditCardParser.__CLR4_4_11m1mmn4dv0n8.new InvocationHandler() {...},39,0,2,0,1,0,3,0,2,0
Credit-Card-Validator,net.mooctest,JCBValidator.__CLR4_4_18080mn4dv0ox.new InvocationHandler() {...},39,0,2,0,1,0,3,0,2,0
Credit-Card-Validator,net.mooctest,MIRValidator.__CLR4_4_1a3a3mn4dv0p9,128,0,2,0,1,0,4,0,3,0
Credit-Card-Validator,net.mooctest,InstaPaymenttValidator.__CLR4_4_16u6umn4dv0on,128,0,2,0,1,0,4,0,3,0
Credit-Card-Validator,net.mooctest,DateParser,76,0,10,0,10,0,9,0,4,0
Credit-Card-Validator,net.mooctest,LuhnValidator.__CLR4_4_19494mn4dv0p5,128,0,2,0,1,0,4,0,3,0
Credit-Card-Validator,net.mooctest,CreditCardType,234,0,0,0,4,0,1,0,1,0
Credit-Card-Validator,net.mooctest,MIRValidator.__CLR4_4_1a3a3mn4dv0p9.new InvocationHandler() {...},39,0,2,0,1,0,3,0,2,0
Credit-Card-Validator,net.mooctest,NPS_PridnestrovieValidator.__CLR4_4_1dmdmmn4dv0pp,128,0,2,0,1,0,4,0,3,0
Credit-Card-Validator,net.mooctest,DinersClubInternationalValidator,361,0,82,0,30,0,45,0,4,0
Credit-Card-Validator,net.mooctest,JCBValidator.__CLR4_4_18080mn4dv0ox,128,0,2,0,1,0,4,0,3,0
Credit-Card-Validator,net.mooctest,CreditCardParser,128,0,12,0,16,0,10,0,4,0
Credit-Card-Validator,net.mooctest,CreditCardParser.__CLR4_4_11m1mmn4dv0n8,128,0,2,0,1,0,4,0,3,0
Credit-Card-Validator,net.mooctest,VisaElectronValidator.__CLR4_4_1j5j5mn4dv0qn.new InvocationHandler() {...},39,0,2,0,1,0,3,0,2,0
Credit-Card-Validator,net.mooctest,InterPaymentValidator,134,0,22,0,18,0,15,0,4,0
Credit-Card-Validator,net.mooctest,RuPayValidator.__CLR4_4_1e8e8mn4dv0pv.new InvocationHandler() {...},39,0,2,0,1,0,3,0,2,0
Credit-Card-Validator,net.mooctest,Validator,290,0,42,0,38,0,29,0,8,0
Credit-Card-Validator,net.mooctest,MaestroUKValidator.__CLR4_4_1apapmn4dv0pd.new InvocationHandler() {...},39,0,2,0,1,0,3,0,2,0
Credit-Card-Validator,net.mooctest,RuPayValidator.__CLR4_4_1e8e8mn4dv0pv,128,0,2,0,1,0,4,0,3,0
Credit-Card-Validator,net.mooctest,UATPValidator.__CLR4_4_1gogomn4dv0qb,128,0,2,0,1,0,4,0,3,0
Credit-Card-Validator,net.mooctest,InvalidCardException.__CLR4_4_17y7ymn4dv0ot,128,0,2,0,1,0,4,0,3,0
Credit-Card-Validator,net.mooctest,DinersClubValidator.__CLR4_4_14x4xmn4dv0ob.new InvocationHandler() {...},39,0,2,0,1,0,3,0,2,0
Credit-Card-Validator,net.mooctest,CreditCardValidator.__CLR4_4_12121mn4dv0nf,128,0,2,0,1,0,4,0,3,0
Credit-Card-Validator,net.mooctest,UATPValidator.__CLR4_4_1gogomn4dv0qb.new InvocationHandler() {...},39,0,2,0,1,0,3,0,2,0
Credit-Card-Validator,net.mooctest,DateParser.__CLR4_4_13i3imn4dv0nz,128,0,2,0,1,0,4,0,3,0
Credit-Card-Validator,net.mooctest,AmericanExpressValidator.__CLR4_4_100mn4dv0md.new InvocationHandler() {...},39,0,2,0,1,0,3,0,2,0
Credit-Card-Validator,net.mooctest,LankaPayValidator.__CLR4_4_18m8mmn4dv0p1.new InvocationHandler() {...},39,0,2,0,1,0,3,0,2,0
Credit-Card-Validator,net.mooctest,VisaValidator.__CLR4_4_1jpjpmn4dv0qu,128,0,2,0,1,0,4,0,3,0
Credit-Card-Validator,net.mooctest,TroyValidator,176,0,30,0,20,0,19,0,4,0
Credit-Card-Validator,net.mooctest,ChinaTUnionValidator.__CLR4_4_1mmmn4dv0mt.new InvocationHandler() {...},39,0,2,0,1,0,3,0,2,0
Credit-Card-Validator,net.mooctest,InstaPaymenttValidator.__CLR4_4_16u6umn4dv0on.new InvocationHandler() {...},39,0,2,0,1,0,3,0,2,0
Credit-Card-Validator,net.mooctest,LuhnValidator,300,0,44,0,31,0,27,0,5,0
Credit-Card-Validator,net.mooctest,NPS_PridnestrovieValidator.__CLR4_4_1dmdmmn4dv0pp.new InvocationHandler() {...},39,0,2,0,1,0,3,0,2,0
Credit-Card-Validator,net.mooctest,DankortValidator.__CLR4_4_12a2amn4dv0nm.new InvocationHandler() {...},39,0,2,0,1,0,3,0,2,0
Credit-Card-Validator,net.mooctest,ChinaTUnionValidator.__CLR4_4_1mmmn4dv0mt,128,0,2,0,1,0,4,0,3,0
Credit-Card-Validator,net.mooctest,CreditCardValidator.__CLR4_4_12121mn4dv0nf.new InvocationHandler() {...},39,0,2,0,1,0,3,0,2,0
Credit-Card-Validator,net.mooctest,Validator.__CLR4_4_1h6h6mn4dv0qe.new InvocationHandler() {...},39,0,2,0,1,0,3,0,2,0
Credit-Card-Validator,net.mooctest,DiscoverValidator.__CLR4_4_15j5jmn4dv0oi.new InvocationHandler() {...},39,0,2,0,1,0,3,0,2,0
Credit-Card-Validator,net.mooctest,InstaPaymenttValidator,176,0,30,0,20,0,19,0,4,0
Credit-Card-Validator,net.mooctest,VisaElectronValidator.__CLR4_4_1j5j5mn4dv0qn,128,0,2,0,1,0,4,0,3,0
Credit-Card-Validator,net.mooctest,VisaValidator,134,0,22,0,18,0,15,0,4,0
Credit-Card-Validator,net.mooctest,VerveValidator,283,0,62,0,25,0,35,0,4,0
Credit-Card-Validator,net.mooctest,DiscoverValidator,403,0,92,0,33,0,50,0,4,0
Credit-Card-Validator,net.mooctest,DateFormatter.__CLR4_4_13c3cmn4dv0nv.new InvocationHandler() {...},39,0,2,0,1,0,3,0,2,0
Credit-Card-Validator,net.mooctest,TypeChecker,278,0,60,0,31,0,33,0,3,0
Credit-Card-Validator,net.mooctest,ChinaUnionPayValidator.__CLR4_4_11414mn4dv0mz,128,0,2,0,1,0,4,0,3,0
Credit-Card-Validator,net.mooctest,MaestroValidator.__CLR4_4_1bgbgmn4dv0ph.new InvocationHandler() {...},39,0,2,0,1,0,3,0,2,0
Credit-Card-Validator,net.mooctest,RuPayValidator,215,0,42,0,22,0,25,0,4,0
Credit-Card-Validator,net.mooctest,VerveValidator.__CLR4_4_1i8i8mn4dv0qk,128,0,2,0,1,0,4,0,3,0
Credit-Card-Validator,net.mooctest,TypeChecker.__CLR4_4_1fkfkmn4dv0q5,128,0,2,0,1,0,4,0,3,0
Credit-Card-Validator,net.mooctest,AmericanExpressValidator,176,0,30,0,20,0,19,0,4,0
Credit-Card-Validator,net.mooctest,DateFormatter.__CLR4_4_13c3cmn4dv0nv,128,0,2,0,1,0,4,0,3,0
Credit-Card-Validator,net.mooctest,ChinaUnionPayValidator.__CLR4_4_11414mn4dv0mz.new InvocationHandler() {...},39,0,2,0,1,0,3,0,2,0
Credit-Card-Validator,net.mooctest,JCBValidator,176,0,30,0,20,0,19,0,4,0
Credit-Card-Validator,net.mooctest,InterPaymentValidator.__CLR4_4_17g7gmn4dv0oq.new InvocationHandler() {...},39,0,2,0,1,0,3,0,2,0
Credit-Card-Validator,net.mooctest,MaestroUKValidator.__CLR4_4_1apapmn4dv0pd,128,0,2,0,1,0,4,0,3,0
Credit-Card-Validator,net.mooctest,VisaValidator.__CLR4_4_1jpjpmn4dv0qu.new InvocationHandler() {...},39,0,2,0,1,0,3,0,2,0
Credit-Card-Validator,net.mooctest,CreditCardValidator,67,0,12,0,9,0,9,0,3,0
Credit-Card-Validator,net.mooctest,NPS_PridnestrovieValidator,176,0,30,0,20,0,19,0,4,0
Credit-Card-Validator,net.mooctest,UATPValidator,129,0,20,0,18,0,14,0,4,0
Credit-Card-Validator,net.mooctest,TroyValidator.__CLR4_4_1eyeymn4dv0q0,128,0,2,0,1,0,4,0,3,0
Credit-Card-Validator,net.mooctest,DateParser.__CLR4_4_13i3imn4dv0nz.new InvocationHandler() {...},39,0,2,0,1,0,3,0,2,0
Credit-Card-Validator,net.mooctest,DateChecker,120,0,10,0,21,0,11,0,6,0
Credit-Card-Validator,net.mooctest,DinersClubInternationalValidator.__CLR4_4_13r3rmn4dv0o6.new InvocationHandler() {...},39,0,2,0,1,0,3,0,2,0
Credit-Card-Validator,net.mooctest,DiscoverValidator.__CLR4_4_15j5jmn4dv0oi,128,0,2,0,1,0,4,0,3,0
Credit-Card-Validator,net.mooctest,DateChecker.__CLR4_4_12w2wmn4dv0nq,128,0,2,0,1,0,4,0,3,0
Credit-Card-Validator,net.mooctest,AmericanExpressValidator.__CLR4_4_100mn4dv0md,128,0,2,0,1,0,4,0,3,0
Credit-Card-Validator,net.mooctest,LuhnValidator.__CLR4_4_19494mn4dv0p5.new InvocationHandler() {...},39,0,2,0,1,0,3,0,2,0
Credit-Card-Validator,net.mooctest,DankortValidator.__CLR4_4_12a2amn4dv0nm,128,0,2,0,1,0,4,0,3,0
Credit-Card-Validator,net.mooctest,DinersClubInternationalValidator.__CLR4_4_13r3rmn4dv0o6,128,0,2,0,1,0,4,0,3,0
Credit-Card-Validator,net.mooctest,VisaElectronValidator,188,0,24,0,20,0,16,0,4,0
Credit-Card-Validator,net.mooctest,ChinaTUnionValidator,129,0,20,0,18,0,14,0,4,0
Credit-Card-Validator,net.mooctest,LankaPayValidator.__CLR4_4_18m8mmn4dv0p1,128,0,2,0,1,0,4,0,3,0
Credit-Card-Validator,net.mooctest,MIRValidator,176,0,30,0,20,0,19,0,4,0
Credit-Card-Validator,net.mooctest,MasterCardValidator.__CLR4_4_1cocomn4dv0pm,128,0,2,0,1,0,4,0,3,0
Credit-Card-Validator,net.mooctest,LankaPayValidator,129,0,20,0,18,0,14,0,4,0
Credit-Card-Validator,net.mooctest,MaestroUKValidator,223,0,42,0,23,0,25,0,4,0
Credit-Card-Validator,net.mooctest,MasterCardValidator.__CLR4_4_1cocomn4dv0pm.new InvocationHandler() {...},39,0,2,0,1,0,3,0,2,0
Credit-Card-Validator,net.mooctest,DinersClubValidator.__CLR4_4_14x4xmn4dv0ob,128,0,2,0,1,0,4,0,3,0
Credit-Card-Validator,net.mooctest,InvalidCardException.__CLR4_4_17y7ymn4dv0ot.new InvocationHandler() {...},39,0,2,0,1,0,3,0,2,0
Credit-Card-Validator,net.mooctest,TypeChecker.__CLR4_4_1fkfkmn4dv0q5.new InvocationHandler() {...},39,0,2,0,1,0,3,0,2,0
Credit-Card-Validator,net.mooctest,MasterCardValidator,286,0,60,0,26,0,34,0,4,0
Credit-Card-Validator,net.mooctest,DateChecker.__CLR4_4_12w2wmn4dv0nq.new InvocationHandler() {...},39,0,2,0,1,0,3,0,2,0
Credit-Card-Validator,net.mooctest,DankortValidator,176,0,30,0,20,0,19,0,4,0
Credit-Card-Validator,net.mooctest,InterPaymentValidator.__CLR4_4_17g7gmn4dv0oq,128,0,2,0,1,0,4,0,3,0
Credit-Card-Validator,net.mooctest,MaestroValidator.__CLR4_4_1bgbgmn4dv0ph,128,0,2,0,1,0,4,0,3,0
Credit-Card-Validator,net.mooctest,Validator.__CLR4_4_1h6h6mn4dv0qe,128,0,2,0,1,0,4,0,3,0
